Id,Nome,Tipo
CLI00001,Mendes Ltda.,Construtora
CLI00002,Lopes,Indústria
CLI00003,da Luz,Indústria
CLI00004,Pimenta - ME,Indústria
CLI00005,Rodrigues,Indústria
CLI00006,Alves,Construtora
CLI00007,Vargas,Indústria
CLI00008,da Cruz Abreu - ME,Construtora
CLI00009,Machado S.A.,Indústria
CLI00010,Ferreira S.A.,Construtora
CLI00011,Monteiro,Indústria
CLI00012,Cunha S.A.,Indústria
CLI00013,Campos Macedo S.A.,Indústria
CLI00014,Moraes,Construtora
CLI00015,Rezende,Indústria
CLI00016,Lopes,Distribuidor
CLI00017,Pastor,Distribuidor
CLI00018,Cavalcanti,Distribuidor
CLI00019,Almeida Novaes S.A.,Construtora
CLI00020,Costa Vargas e Filhos,Construtora
CLI00021,Alves,Construtora
CLI00022,Melo Ltda.,Indústria
CLI00023,Silva Porto Ltda.,Distribuidor
CLI00024,Montenegro Borges e Filhos,Construtora
CLI00025,Duarte,Distribuidor
CLI00026,Almeida Silveira Ltda.,Construtora
CLI00027,Fogaça Ltda.,Construtora
CLI00028,Vieira - ME,Indústria
CLI00029,Macedo Ltda.,Construtora
CLI00030,Abreu,Construtora
CLI00031,Gonçalves e Filhos,Construtora
CLI00032,Guerra S/A,Distribuidor
CLI00033,Campos,Distribuidor
CLI00034,Borges,Indústria
CLI00035,Vasconcelos,Indústria
CLI00036,Marques,Distribuidor
CLI00037,Ramos Santos e Filhos,Indústria
CLI00038,Guerra,Indústria
CLI00039,Martins da Rocha - EI,Distribuidor
CLI00040,Guerra - EI,Construtora
CLI00041,Teixeira,Construtora
CLI00042,Mendonça,Construtora
CLI00043,Farias da Costa e Filhos,Construtora
CLI00044,Silveira S/A,Indústria
CLI00045,da Mota - ME,Construtora
CLI00046,da Luz Nascimento e Filhos,Indústria
CLI00047,Alves,Construtora
CLI00048,da Mata Moraes S/A,Indústria
CLI00049,da Cunha Barros S.A.,Construtora
CLI00050,das Neves,Indústria
CLI00051,Camargo,Construtora
CLI00052,Viana Sousa S.A.,Construtora
CLI00053,Fernandes,Distribuidor
CLI00054,Rocha Barros - ME,Construtora
CLI00055,Silveira,Indústria
CLI00056,Marques,Construtora
CLI00057,da Luz S.A.,Construtora
CLI00058,Lima,Indústria
CLI00059,Sá,Construtora
CLI00060,Vieira Rocha e Filhos,Distribuidor
CLI00061,Moraes - EI,Construtora
CLI00062,Sá Ltda.,Indústria
CLI00063,Brito,Distribuidor
CLI00064,Rezende S/A,Distribuidor
CLI00065,Caldeira,Indústria
CLI00066,das Neves S/A,Distribuidor
CLI00067,Nascimento Mendes e Filhos,Indústria
CLI00068,Fernandes Dias S/A,Indústria
CLI00069,Rodrigues Siqueira - EI,Distribuidor
CLI00070,Freitas,Indústria
CLI00071,Pinto,Distribuidor
CLI00072,Nascimento S/A,Distribuidor
CLI00073,Teixeira,Distribuidor
CLI00074,Caldeira,Indústria
CLI00075,Fonseca - EI,Indústria
CLI00076,Pinto Alves S/A,Construtora
CLI00077,Andrade,Distribuidor
CLI00078,da Mota Dias S/A,Distribuidor
CLI00079,Alves,Distribuidor
CLI00080,Gomes Fonseca S/A,Indústria
CLI00081,Sampaio,Construtora
CLI00082,Porto,Indústria
CLI00083,Rocha,Distribuidor
CLI00084,Pereira Siqueira S/A,Construtora
CLI00085,Sampaio e Filhos,Distribuidor
CLI00086,Cirino e Filhos,Construtora
CLI00087,Martins e Filhos,Indústria
CLI00088,da Mata,Indústria
CLI00089,da Paz,Indústria
CLI00090,Mendes,Distribuidor
CLI00091,Siqueira Sousa Ltda.,Distribuidor
CLI00092,Azevedo Casa Grande S/A,Indústria
CLI00093,Pires,Construtora
CLI00094,Sales,Construtora
CLI00095,Castro Siqueira S.A.,Construtora
CLI00096,Alves,Distribuidor
CLI00097,Melo S.A.,Construtora
CLI00098,Vargas Monteiro S.A.,Indústria
CLI00099,Monteiro S.A.,Distribuidor
CLI00100,Cassiano S.A.,Construtora
